<application>
  <component name="MavenCatalogManager">
    <option name="local">
      <list>
        <Local>
          <option name="name" value="User" />
          <option name="path" value="E:/apache-maven-3.6.1/maven-repo" />
        </Local>
      </list>
    </option>
    <option name="remote">
      <list>
        <Remote>
          <option name="name" value="gaga.plus" />
          <option name="url" value="https://gaga.plus" />
        </Remote>
      </list>
    </option>
  </component>
</application>