<application>
  <component name="ProjectManager">
    <defaultProject>
      <component name="AutoImportSettings">
        <option name="autoReloadType" value="SELECTIVE" />
      </component>
      <component name="MavenImportPreferences">
        <option name="generalSettings">
          <MavenGeneralSettings>
            <option name="localRepository" value="E:\apache-maven-3.6.1\maven-repo" />
            <option name="mavenHome" value="E:\apache-maven-3.6.1" />
            <option name="userSettingsFile" value="E:\apache-maven-3.6.1\conf\settings.xml" />
          </MavenGeneralSettings>
        </option>
      </component>
      <component name="ProjectViewState">
        <option name="hideEmptyMiddlePackages" value="true" />
        <option name="showLibraryContents" value="true" />
      </component>
      <component name="PropertiesComponent">{
  &quot;keyToString&quot;: {
    &quot;settings.editor.selected.configurable&quot;: &quot;MavenSettings&quot;
  }
}</component>
      <component name="WindowStateProjectService">
        <state x="740" y="201" key="FileChooserDialogImpl" timestamp="1708695638841">
          <screen x="0" y="0" width="1920" height="1032" />
        </state>
        <state x="740" y="201" key="FileChooserDialogImpl/-1920.0.1536.826/0.0.1920.1032" timestamp="1708695638841" />
        <state x="454" y="83" key="SettingsEditor" timestamp="1708695640807">
          <screen x="0" y="0" width="1920" height="1032" />
        </state>
        <state x="454" y="83" key="SettingsEditor/-1920.0.1536.826/0.0.1920.1032" timestamp="1708695640807" />
      </component>
    </defaultProject>
  </component>
</application>