<application>
  <component name="Translation.Cache">
    <option name="lastTrimTime" value="1736174379721" />
  </component>
  <component name="Translation.Settings">
    <option name="autoPlayTTS" value="true" />
    <option name="primaryLanguage" value="CHINESE" />
    <option name="youdaoTranslateSettings">
      <youdao-translate>
        <option name="appId" value="2c15f818a474b029" />
      </youdao-translate>
    </option>
  </component>
  <component name="Translation.States">
    <option name="pinTranslationDialog" value="true" />
    <option name="translationDialogHeight" value="265" />
    <option name="translationDialogLocationX" value="667" />
    <option name="translationDialogLocationY" value="400" />
    <histories>
      <item value="感觉 filter 的支持并不是特别好，如果 filter 失败终止后续流程运行，plugin 化业务逻辑应该也不允运行" />
      <item value="感觉 filter 的支持并不是特别好，如果想实现 filter 失败终止后续流程运行，plugin 化业务逻辑应该也不允运行" />
      <item value="感觉 filter 的支持并不是特别好，如果想实现 filter 失败终止后续流程运行，plugin 化业务逻辑应该也不允yun'xing" />
      <item value="感觉 filter 的支持并不是特别好，如果想实现 filter 失败终止后续流程运行，plugin 化业务逻辑应该也不允" />
      <item value="感觉 filter 的支持并不是特别好，如果想实现 filter 失败终止后续流程运行，plugin 化业务逻辑应该也bu'yu" />
      <item value="感觉 filter 的支持并不是特别好，如果想实现 filter 失败终止后续流程运行，plugin 化业务逻辑应该也bu'yun" />
      <item value="感觉 filter 的支持并不是特别好，如果想实现 filter 失败终止后续流程运行，plugin 化业务luo'ji" />
      <item value="感觉 filter 的支持并不是特别好，如果想实现 filter 失败终止后续流程运行，plugin hua" />
      <item value="感觉 filter 的支持并不是特别好，如果想实现 filter 失败终止后续流程运行，plugin ye'wu" />
      <item value="感觉 filter 的支持并不是特别好，如果想实现 filter 失败终止后续流程运行，plugin " />
      <item value="感觉 filter 的支持并不是特别好，如果想实现 filter 失败终止后续流程运行，plugin" />
      <item value="感觉 filter 的支持并不是特别好，如果想实现 filter 失败终止后续流程运行，plug'i's" />
      <item value="感觉 filter 的支持并不是特别好，如果想实现 filter 失败终止后续流程运行，" />
      <item value="感觉 filter 的支持并不是特别好，如果想实现 filter 失败" />
      <item value="感觉 filter 的支持并不是特别好，如果想实现" />
      <item value="gan'j" />
      <item value="实现" />
      <item value="落地" />
      <item value="luod" />
      <item value="通过插件方式增添 handler，提升业务扩展性" />
      <item value="通过插件方式增添 handler，提升业务扩展" />
      <item value="通过插件方式增添 handler，提升业务扩展点" />
      <item value="通过插件方式增添 handler，提升业务kuo'zhan'dian" />
      <item value="通过插件方式增添 handler，提升ye'wu" />
      <item value="通过插件方式增添 handler，提升" />
      <item value="通过插件方式zeng'tian" />
      <item value="通过插件方式实现" />
      <item value="通过插件方式shi'xian" />
      <item value="扩展点" />
      <item value="会员折扣" />
      <item value="停车时长" />
      <item value="is greater" />
      <item value="currentDeduct" />
      <item value="calculate" />
      <item value="TTS 播放失败：Invalid status code received: 403 Status line: HTTP/1.1 403 Forbidden" />
      <item value="https://code-with-me.jetbrains.com.cn/DwmHa1zz-kujSxPMo86P0A#p=IU&amp;fp=B556EC75E2E621BFF6DFB272654E4E7D4BE3F9C19B011A03BE04928CB7C0B714&amp;newUi=true" />
      <item value="NA4IyPP8LOCyaQuUaFHdOLVux4HuFrzf" />
      <item value="extend&#10;" />
      <item value="extend" />
      <item value="invoice" />
      <item value="in" />
      <item value="节点" />
      <item value="岗位" />
      <item value="Temporal" />
      <item value="Enumerated" />
      <item value="A method overriding another method must not redefine the parameter constraint configuration, but method ReadController#render(RenderRequestDTO) redefines the configuration of IReadService#render(RenderRequestDTO)." />
      <item value="后缀" />
      <item value="huo" />
      <item value="secret" />
      <item value="se'c" />
    </histories>
    <option name="languageScores">
      <map>
        <entry key="CHINESE" value="276" />
        <entry key="CHINESE_SIMPLIFIED" value="84" />
        <entry key="ENGLISH" value="343" />
        <entry key="SPANISH" value="1" />
      </map>
    </option>
  </component>
  <component name="Translation.YoudaoSettings">
    <option name="DOMAIN" value="COMPUTERS" />
  </component>
</application>